name,domain,reason
"V-Twin","vtwinmfg.com","clearbit 404"
"Drag Specialties","dragspecialties.com","clearbit 404"
"Wyatt Gatling","wyattgatling.com","clearbit 404"
"Scorpion EXO","scorpionusa.com","clearbit 404"
"Colony","colonymachine.com","clearbit 404"
"Motorshop","","no domain"
"HardDrive","wps-inc.com","clearbit 404"
"Magnum Shielding","magnumshielding.com","clearbit 404"
"James Gaskets","jamesgaskets.com","clearbit 404"
"LA Choppers","lachoppers.com","clearbit 404"
"Eastern Motorcycle Parts","easternmotorcycleparts.com","clearbit 404"
"Ultima","ultimaproducts.com","clearbit 404"
"Arlen Ness","arlenness.com","clearbit 404"
"NAMZ Custom Cycle","namzcustomcycleproducts.com","clearbit 404"
"Saddlemen","saddlemen.com","clearbit 404"
"S&S Cycle","sscycle.com","clearbit 404"
"GMAX","gmax.com","clearbit 404"
"Cometic","cometic.com","clearbit 404"
"Volt Tech","","no domain"
"Custom Dynamics","customdynamics.com","clearbit 404"
"Motion Pro","motionpro.com","clearbit 404"
"Burly Brand","burlybrand.com","clearbit 404"
"Barnett","barnettclutches.com","clearbit 404"
"Highway 21","highway21.com","clearbit 404"
"Goodridge","goodridge.net","clearbit 404"
"Cobra","cobrausa.com","clearbit 404"
"FLY RACING","flyracing.com","clearbit 404"
"Fat Baggers","fatbaggersinc.com","clearbit 404"
"York","york.com","clearbit 404"
"Kibblewhite","kibblewhiteprecision.com","clearbit 404"
"EBC","ebc.com","clearbit 404"
"Performance Machine","performancemachine.com","clearbit 404"
"Memphis Shades","memphisshades.com","clearbit 404"
"Le Pera","lepera.com","clearbit 404"
"Mustang","mustangseats.com","clearbit 404"
"Feuling","feulingparts.com","clearbit 404"
"Gary Bang","garybang.com","clearbit 404"
"Drag Specialties Seats","dragspecialtiesseats.com","clearbit 404"
"Klock Werks","klockwerks.com","clearbit 404"
"MCM","mcm.com","clearbit 404"
"Jims","jims.com","clearbit 404"
"Paul Yaffe Bagger Nation","paulyaffebaggernation.com","clearbit 404"
"Avon","avon.com","clearbit 404"
"Edart","edart.com","clearbit 404"
"RST","rst.com","clearbit 404"
"Sifton","sifton.com","clearbit 404"
"Andrews","andrews.com","clearbit 404"
"Ciro","ciro.com","clearbit 404"
"SP Connect","spconnect.com","clearbit 404"
"Belt Drives Ltd","beltdrivesltd.com","clearbit 404"
"Joker Machine","jokermachine.com","clearbit 404"
"Mikuni","mikuni.com","clearbit 404"
"Wiseco","wiseco.com","clearbit 404"
"OE","oe.com","clearbit 404"
"Bassani","bassani.com","clearbit 404"
"Pro-One","pro-one.com","clearbit 404"
"Gardner-Westcott","gardner-westcott.com","clearbit 404"
"National Cycle","nationalcycle.com","clearbit 404"
"Vance & Hines","vanceandhines.com","clearbit 404"
"Progressive Suspension","progressivesuspension.com","clearbit 404"
"All Balls Racing","allballsracing.com","clearbit 404"
"Thrashin Supply","thrashinsupply.com","clearbit 404"
"Khrome Werks","khromewerks.com","clearbit 404"
"Shinko","shinkotire.com","clearbit 404"
"FIRE POWER","firepower.com","clearbit 404"
"Hastings","hastings.com","clearbit 404"
"Biltwell","biltwell.com","clearbit 404"
"Legend Suspension","legendsuspension.com","clearbit 404"
"Slipstreamer","slipstreamer.com","clearbit 404"
"RAM Mounts","rammounts.com","clearbit 404"
"Hawg Halters","hawghalters.com","clearbit 404"
"KPMI","kpmi.com","clearbit 404"
"Cycle Electric","cycleelectric.com","clearbit 404"
"Sena","sena.com","clearbit 404"
"ODI","odi.com","clearbit 404"
"Accutronix","accutronix.com","clearbit 404"
"ZAN","zan.com","clearbit 404"
"SlyFox","slyfox.com","clearbit 404"
"Dynojet","dynojet.com","clearbit 404"
"Dunlop","dunlopmotorcycletires.com","clearbit 404"
"SANTORO FABWORX","santorofabworx.com","clearbit 404"
"Cycle Pro","cyclepro.com","clearbit 404"
"Letric Lighting","letriclighting.com","clearbit 404"
"Danny Gray","dannygray.com","clearbit 404"
"Pingel","pingel.com","clearbit 404"
"Paughco","paughco.com","clearbit 404"
"Emgo","emgous.com","clearbit 404"
"CUSTOM ENGRAVING","customengraving.com","clearbit 404"
"Wild 1","wild1.com","clearbit 404"
"Accel","accel-ignition.com","clearbit 404"
"PSR","psr.com","clearbit 404"
"Lyndall Brakes","lyndallracing.com","clearbit 404"
"Performance Tool","performancetool.com","clearbit 404"
"Chris Products","chrisproducts.com","clearbit 404"
"Duro","duro.com","clearbit 404"
"KODLIN USA","kodlinusa.com","clearbit 404"
"RC COMPONENTS","rccomponents.com","clearbit 404"
"KB Performance","kbperformance.com","clearbit 404"
"Nelson-Rigg","nelson-rigg.com","clearbit 404"
"Corbin","corbin.com","clearbit 404"
"TODD'S CYCLE","toddscycle.com","clearbit 404"
"SAWICKI","sawicki.com","clearbit 404"
"Cycle Visions","cyclevisions.com","clearbit 404"
"Koso","koso.com","clearbit 404"
"Trask Performance","traskperformance.com","clearbit 404"
"Michelin","michelin.com","clearbit 404"
"Dynatek","dynatek.com","clearbit 404"
"K&N","knfilters.com","clearbit 404"
"DEI","dei.com","clearbit 404"
"Figurati Designs","figuratidesigns.com","clearbit 404"
"Daytona Twin Tec","daytonatwintec.com","clearbit 404"
"AEE","aee.com","clearbit 404"
"Lindby","lindby.com","clearbit 404"
"COASTAL MOTO","coastalmoto.com","clearbit 404"
"DAKOTA DIGITAL","dakotadigital.com","clearbit 404"
"COVINGTONS","covingtons.com","clearbit 404"
"CUSTOM CYCLE ENGINEERING","customcycleengineering.com","clearbit 404"
"TBR","tbr.com","clearbit 404"
"GBrakes","gbrakes.com","clearbit 404"
"Alloy Art","alloyart.com","clearbit 404"
"Sumax","sumax.com","clearbit 404"
"Helix","helix.com","clearbit 404"
"K&L Supply","kandlsupply.com","clearbit 404"
"Standard Motor Products","standardmotorproducts.com","clearbit 404"
"EK Chains","ekchains.com","clearbit 404"
"Edelbrock","edelbrock.com","clearbit 404"
"Rivco","rivco.com","clearbit 404"
"Galfer","galferusa.com","clearbit 404"
"SBS","sbs-friction.com","clearbit 404"
"FLO MOTORSPORTS","flomotorsports.com","clearbit 404"
"Willie & Max","willieandmax.com","clearbit 404"
"PATHFINDER","pathfinder.com","clearbit 404"
"RACE TECH","racetech.com","clearbit 404"
"MAXIMA","maxima.com","clearbit 404"
"K&S Technologies","kandstechnologies.com","clearbit 404"
"DP BRAKES","dpbrakes.com","clearbit 404"
"HOFMANN DESIGNS","hofmanndesigns.com","clearbit 404"
"Jagg","jagg.com","clearbit 404"
"GROTE","grote.com","clearbit 404"
"TERRY COMPONENTS","terrycomponents.com","clearbit 404"
"BOBSTER","bobster.com","clearbit 404"
"MOTUL","motul.com","clearbit 404"
"Rekluse","rekluse.com","clearbit 404"
"BAKER DRIVETRAIN","bakerdrivetrain.com","clearbit 404"
"Yuasa","yuasa.com","clearbit 404"
"KENS FACTORY","kensfactory.com","clearbit 404"
"Spectro","spectro-oils.com","clearbit 404"
"RWD","rwd.com","clearbit 404"
"Rowe","rowe.com","clearbit 404"
"Drag Specialties Shocks","dragspecialtiesshocks.com","clearbit 404"
"BRIDGESTONE","bridgestone.com","clearbit 404"
"Ultracool","ultracool.com","clearbit 404"
"REVOLUTION PERFORMANCE, LLC","revolutionperformancellc.com","clearbit 404"
"Alto Products","altoproducts.com","clearbit 404"
"VP RACING","vpracing.com","clearbit 404"
"SADDLE TRAMP","saddletramp.com","clearbit 404"
"MOROSO","moroso.com","clearbit 404"
"Hogtunes","hogtunes.com","clearbit 404"
"ABUS","abus.com","clearbit 404"
"BEL-RAY","bel-ray.com","clearbit 404"
"Moto-Master","moto-master.com","clearbit 404"
"WIND VEST","windvest.com","clearbit 404"
"GMA Engineering","gmaengineering.com","clearbit 404"
"Compufire","compufire.com","clearbit 404"
"Dowco","dowco.com","clearbit 404"
"SMP","smp.com","clearbit 404"
"J&M","jandm.com","clearbit 404"
"Clymer","clymer.com","clearbit 404"
"Cyron","cyron.com","clearbit 404"
"CYCLE PERFORMANCE PROD.","cycleperformanceprod.com","clearbit 404"
"RK","rk.com","clearbit 404"
"PBI","pbi.com","clearbit 404"
"FREEDOM","freedom.com","clearbit 404"
"PUIG","puig.com","clearbit 404"
"MUC-OFF","muc-off.com","clearbit 404"
"FOX","fox.com","clearbit 404"
"SPEED MERCHANT","speedmerchant.com","clearbit 404"
"LUCAS","lucas.com","clearbit 404"
"IDEAL","ideal.com","clearbit 404"
"PARTS UNLIMITED","partsunlimited.com","clearbit 404"
"EMD","emd.com","clearbit 404"
"RSD","rsd.com","clearbit 404"
"RIDEPOWER","ridepower.com","clearbit 404"
"Diamond Chain","diamondchain.com","clearbit 404"
"PowerTye","powertye.com","clearbit 404"
"Keith Black","keithblack.com","clearbit 404"
"DAYTONA","daytona.com","clearbit 404"
"Bates","bates.com","clearbit 404"
"HEADWINDS","headwinds.com","clearbit 404"
"MOTOR TRIKE","motortrike.com","clearbit 404"
"Fi2000","fi2000.com","clearbit 404"
"NGK","ngksparkplugs.com","clearbit 404"
"TECMATE","tecmate.com","clearbit 404"
"KLOTZ","klotz.com","clearbit 404"
"CARDO","cardo.com","clearbit 404"
"PEAK LIGHTING","peaklighting.com","clearbit 404"
"DID","did.com","clearbit 404"
"VORTEX","vortex.com","clearbit 404"
"ROCKET PERFORMANCE GARAGE LLC","rocketperformancegaragellc.com","clearbit 404"
"GIVI","givi.com","clearbit 404"
"Golan","golan.com","clearbit 404"
"BADLANDS","badlands.com","clearbit 404"
"SP1","sp1.com","clearbit 404"
"PERMATEX","permatex.com","clearbit 404"
"PJ1","pj1.com","clearbit 404"
"Antigravity Batteries","antigravitybatteries.com","clearbit 404"
"AQUATIC AV","aquaticav.com","clearbit 404"
"Motobatt","motobatt.com","clearbit 404"
"APM","apm.com","clearbit 404"
"MOOSE OFFROAD","mooseoffroad.com","clearbit 404"
"KICKER","kicker.com","clearbit 404"
"BATTERY TENDER","batterytender.com","clearbit 404"
"Uni Filter","unifilter.com","clearbit 404"
"AXIA","axia.com","clearbit 404"
"MOTHERWELL","motherwell.com","clearbit 404"
"RICKRAK","rickrak.com","clearbit 404"
"BRITE-LITES","brite-lites.com","clearbit 404"
"PowerMadd","powermadd.com","clearbit 404"
"SPYKE","spyke.com","clearbit 404"
"FORBIDDEN","forbidden.com","clearbit 404"
"CYCLE CRAFT","cyclecraft.com","clearbit 404"
"HifloFiltro","hiflofiltro.com","clearbit 404"
"WPS","wps-inc.com","clearbit 404"
"DK CUSTOM PRODUCTS","dkcustomproducts.com","clearbit 404"
"CALIFORNIA HEAT","californiaheat.com","clearbit 404"
"PATRIOT","patriot.com","clearbit 404"
"JW Speaker","jwspeaker.com","clearbit 404"
"Pro Pad","propad.com","clearbit 404"
"TORCO","torco.com","clearbit 404"
"CTEK","ctek.com","clearbit 404"
"HOPPE INDUSTRIES","hoppeindustries.com","clearbit 404"
"OHLINS","ohlins.com","clearbit 404"
"ONGUARD","onguard.com","clearbit 404"
"ARNOTT","arnott.com","clearbit 404"
"CERWIN VEGA","cerwinvega.com","clearbit 404"
"SLIME","slime.com","clearbit 404"
"ThunderMax","thundermax.com","clearbit 404"
"XK GLOW","xkglow.com","clearbit 404"
"STAR BRITE","starbrite.com","clearbit 404"
"Autolite","autolite.com","clearbit 404"
"Helicoil","helicoil.com","clearbit 404"
"Metzeler","metzeler.com","clearbit 404"
"COUNTERACT","counteract.com","clearbit 404"
"HIGHSIDER","highsider.com","clearbit 404"
"PC Racing","pcracing.com","clearbit 404"
"WILD BOAR AUDIO","wildboaraudio.com","clearbit 404"
"KRUZER KADDY","kruzerkaddy.com","clearbit 404"
"ISC","isc.com","clearbit 404"
"Rivera-Primo Products","rivera-primoproducts.com","clearbit 404"
"RYDER CLIPS","ryderclips.com","clearbit 404"
"HANDY","handy.com","clearbit 404"
"ROUGH CRAFTS","roughcrafts.com","clearbit 404"
"Buchanan Spoke","buchananspoke.com","clearbit 404"
"RED LINE","redline.com","clearbit 404"
"LIQUID PERFORMANCE","liquidperformance.com","clearbit 404"
"WIZARDS","wizards.com","clearbit 404"
"ENERGY ONE","energyone.com","clearbit 404"
"Wild Ass","wildass.com","clearbit 404"
"SEDONA","sedona.com","clearbit 404"
"Show Chrome","showchrome.com","clearbit 404"
"Timken","timken.com","clearbit 404"
"Manley","manley.com","clearbit 404"
"Sonnax","sonnax.com","clearbit 404"
"MOTO POCKETS","motopockets.com","clearbit 404"
"CRG","crg.com","clearbit 404"
"JE PISTONS","jepistons.com","clearbit 404"
"FIREBRAND","firebrand.com","clearbit 404"
"UCLEAR","uclear.com","clearbit 404"
"BREMBO","brembo.com","clearbit 404"
"MOTOREX","motorex.com","clearbit 404"
"BLUE STREAK","bluestreak.com","clearbit 404"
"Champion","champion.com","clearbit 404"
"Coker Tire","cokertire.com","clearbit 404"
"KRYPTONITE","kryptonite.com","clearbit 404"
"HAYDEN","hayden.com","clearbit 404"
"Fuel Tool","fueltool.com","clearbit 404"
"NOCO GENIUS","nocogenius.com","clearbit 404"
"DIAG4 BIKE","diag4bike.com","clearbit 404"
"THREEBOND","threebond.com","clearbit 404"
"HORSEPOWER, INC","horsepowerinc.com","clearbit 404"
"TTS","tts.com","clearbit 404"
"Castrol","castrol.com","clearbit 404"
"CRUZ TOOLS","cruztools.com","clearbit 404"
"Russell","russell.com","clearbit 404"
"DIAMOND","diamond.com","clearbit 404"
"S100","s100.com","clearbit 404"
"Vee Rubber","veerubber.com","clearbit 404"
"REGINA","regina.com","clearbit 404"
"Rox Speed FX","roxspeedfx.com","clearbit 404"
"Truett & Osborn","truettandosborn.com","clearbit 404"
"BS BATTERY","bsbattery.com","clearbit 404"
"MUELLER MOTORCYCLE AG","muellermotorcycleag.com","clearbit 404"
"Zippers","zippers.com","clearbit 404"
"SUPERSPROX","supersprox.com","clearbit 404"
"JRI SHOCKS","jrishocks.com","clearbit 404"
"WD Bearing","wdbearing.com","clearbit 404"
"NO-MAR","no-mar.com","clearbit 404"
"STKR","stkr.com","clearbit 404"
"DARKHORSE MOTOR COMPANY","darkhorsemotorcompany.com","clearbit 404"
"XTRA SEAL","xtraseal.com","clearbit 404"
"Peer Bearing","peerbearing.com","clearbit 404"
"XENA","xena.com","clearbit 404"
"Joe Hunt","joehunt.com","clearbit 404"
"TRU TENSION","trutension.com","clearbit 404"
"CANYON DANCER","canyondancer.com","clearbit 404"
"TECHMOUNT","techmount.com","clearbit 404"
"PREC. BILLET","precbillet.com","clearbit 404"
"HOG WASH","hogwash.com","clearbit 404"
"Oetiker","oetiker.com","clearbit 404"
"Tri Starr","tristarr.com","clearbit 404"
"PIAA","piaa.com","clearbit 404"
"ROCKER LOCKERS","rockerlockers.com","clearbit 404"
"JENSEN","jensen.com","clearbit 404"
"American Prime","americanprime.com","clearbit 404"
"LECTRONS LLC","lectronsllc.com","clearbit 404"
"Comp Cams","compcams.com","clearbit 404"
"Motortechnic","motortechnic.com","clearbit 404"
"SCOSCHE","scosche.com","clearbit 404"
"Candlepower","candlepower.com","clearbit 404"
"RICK'S MOTORSPORT ELECTRIC","ricksmotorsportelectric.com","clearbit 404"
"IRC","irc.com","clearbit 404"
"BOSS AUDIO","bossaudio.com","clearbit 404"
"PANTHER","panther.com","clearbit 404"
"BARON","baron.com","clearbit 404"
"COMP. WERKES","compwerkes.com","clearbit 404"
"Sudco","sudco.com","clearbit 404"
"TOP SHELF","topshelf.com","clearbit 404"
"LEAKPROOF SEALS","leakproofseals.com","clearbit 404"
"Pac-Kit","pac-kit.com","clearbit 404"
"QUANTUM","quantum.com","clearbit 404"
"SHINDY","shindy.com","clearbit 404"
"FACTORY LINKS","factorylinks.com","clearbit 404"
"STOP & GO","stopandgo.com","clearbit 404"
"ACERBIS","acerbis.com","clearbit 404"
"NEW RAGE CYCLES","newragecycles.com","clearbit 404"
"Brush Research","brushresearch.com","clearbit 404"
"ENERGY SUSP.","energysusp.com","clearbit 404"
"OLD STF","oldstf.com","clearbit 404"
"STREAMLINE","streamline.com","clearbit 404"
"PRO FILTER","profilter.com","clearbit 404"
"BOLT","bolt.com","clearbit 404"
"STA-BIL","sta-bil.com","clearbit 404"
"Standard Rivet","standardrivet.com","clearbit 404"
"GEARS CANADA","gearscanada.com","clearbit 404"
"RKA","rka.com","clearbit 404"
"EAGLE GRIT","eaglegrit.com","clearbit 404"
"RACING BROTHERS","racingbrothers.com","clearbit 404"
"ZERO GRAVITY","zerogravity.com","clearbit 404"
"HIGH ROLLER","highroller.com","clearbit 404"
"RED BULL","redbull.com","clearbit 404"
"ECHO","echo.com","clearbit 404"
"REDA","reda.com","clearbit 404"
"TACK STRAP","tackstrap.com","clearbit 404"
"BRAKING","braking.com","clearbit 404"
"EXOCOM","exocom.com","clearbit 404"
"AIRHAWK","airhawk.com","clearbit 404"
"PIRELLI","pirelli.com","clearbit 404"
"Rattle Bomb","rattlebomb.com","clearbit 404"
"L.A. Sleeve","lasleeve.com","clearbit 404"
"BOMBER","bomber.com","clearbit 404"
"GATES","gates.com","clearbit 404"
"Lisle Corp.","lislecorp.com","clearbit 404"
"METRO VAC","metrovac.com","clearbit 404"
"Kreem","kreem.com","clearbit 404"
"RISK RACING","riskracing.com","clearbit 404"
"EIKO","eiko.com","clearbit 404"
"BLENDZALL","blendzall.com","clearbit 404"
"ADAPTIV","adaptiv.com","clearbit 404"
"VHT Aerosols","vhtaerosols.com","clearbit 404"
"CUSTOMACCES","customacces.com","clearbit 404"
"PJH Brands","pjhbrands.com","clearbit 404"
"Goodson","goodson.com","clearbit 404"
"RICKS","ricks.com","clearbit 404"
"PIVOT WORKS","pivotworks.com","clearbit 404"
"TUFF JUG","tuffjug.com","clearbit 404"
"Perf-Form","perf-form.com","clearbit 404"
"American Dresser","americandresser.com","clearbit 404"
"TRAIL TECH","trailtech.com","clearbit 404"
"Bendix","bendix.com","clearbit 404"
"LBV Engineering","lbvengineering.com","clearbit 404"
"GO CRUISE","gocruise.com","clearbit 404"
"Thexton","thexton.com","clearbit 404"
"CONDOR","condor.com","clearbit 404"
"VERTEX","vertex.com","clearbit 404"
"EPI","epi.com","clearbit 404"
"LOCK AND LOAD","lockandload.com","clearbit 404"
"Leak Proof","leakproof.com","clearbit 404"
"POWER MAX","powermax.com","clearbit 404"
"Prism","prism.com","clearbit 404"
"WOSSNER","wossner.com","clearbit 404"
"CRAMPBUSTER","crampbuster.com","clearbit 404"
"CALIBER","caliber.com","clearbit 404"
"DILL AIR CONTROLS","dillaircontrols.com","clearbit 404"
"Wagner Lighting","wagnerlighting.com","clearbit 404"
"PRO GRIP","progrip.com","clearbit 404"
"WILCOX","wilcox.com","clearbit 404"
"CAT CRAP","catcrap.com","clearbit 404"
"Deltran","deltran.com","clearbit 404"
"TURTLE FUR","turtlefur.com","clearbit 404"
"K100","k100.com","clearbit 404"
"SUPERCLAMP","superclamp.com","clearbit 404"
"NORMA","norma.com","clearbit 404"
"KLEER VU","kleervu.com","clearbit 404"
"MECHANIX","mechanix.com","clearbit 404"
"SAMCO SPORT","samcosport.com","clearbit 404"
"MECHANICS","mechanics.com","clearbit 404"
"RIDE-ON","ride-on.com","clearbit 404"
"GILLES TOOLING","gillestooling.com","clearbit 404"
"HBD/Thermoid","hbdthermoid.com","clearbit 404"
"HARDLINE","hardline.com","clearbit 404"
"MIDWEST CAN","midwestcan.com","clearbit 404"
"G2 ERGONOMICS CORP.","g2ergonomicscorp.com","clearbit 404"
"NEW-RAY","new-ray.com","clearbit 404"
"INNOVATIONS","innovations.com","clearbit 404"
"SHIN YO","shinyo.com","clearbit 404"
"LaRosa Design","larosadesign.com","clearbit 404"
"Cycle Shack","cycleshack.com","clearbit 404"
"GIANT LOOP","giantloop.com","clearbit 404"
"PIG SPIT","pigspit.com","clearbit 404"
"SDC","sdc.com","clearbit 404"
"FRAM","fram.com","clearbit 404"
"ZETA","zeta.com","clearbit 404"
"RICK DOSS","rickdoss.com","clearbit 404"
"DIAMOND AUDIO","diamondaudio.com","clearbit 404"
"Athena","athena.com","clearbit 404"
"MASTER","master.com","clearbit 404"
"DENSO","denso.com","clearbit 404"
"GRUNGE BRUSH","grungebrush.com","clearbit 404"
"SKF","skf.com","clearbit 404"
"RIZOMA","rizoma.com","clearbit 404"
"UNIT","unit.com","clearbit 404"
"HAYNES","haynes.com","clearbit 404"
"RIGID","rigid.com","clearbit 404"
"Motorbooks Int.","motorbooksint.com","clearbit 404"
"A & E Tools","aandetools.com","clearbit 404"
"GME","gme.com","clearbit 404"
"DEAD BOLT","deadbolt.com","clearbit 404"
"HELIBARS","helibars.com","clearbit 404"
"Replica","replica.com","clearbit 404"
"DSS","dss.com","clearbit 404"
"DP Publications","dppublications.com","clearbit 404"
"TECHNORESEARCH","technoresearch.com","clearbit 404"
"M&M","mandm.com","clearbit 404"
"BLASTER","blaster.com","clearbit 404"
"VESRAH","vesrah.com","clearbit 404"
"NOMADIC","nomadic.com","clearbit 404"
"EVANS","evans.com","clearbit 404"
"OUTERWEARS","outerwears.com","clearbit 404"
"SARGENT","sargent.com","clearbit 404"
"SMITHTOOL","smithtool.com","clearbit 404"
"George Basch","georgebasch.com","clearbit 404"
"Crane","crane.com","clearbit 404"
"PRO CIRCUIT","procircuit.com","clearbit 404"
"E.R.T. Products","ertproducts.com","clearbit 404"
"Z1R","z1r.com","clearbit 404"
"YOSHIMURA","yoshimura.com","clearbit 404"
"RATIO RITE","ratiorite.com","clearbit 404"
"ERICKSON","erickson.com","clearbit 404"
"TRADEWINDS","tradewinds.com","clearbit 404"
"GRAB ON","grabon.com","clearbit 404"
"MAGURA","magura.com","clearbit 404"
"Federal Process","federalprocess.com","clearbit 404"
"AO COOLERS","aocoolers.com","clearbit 404"
"BIKE SPIRITS","bikespirits.com","clearbit 404"
"ZEE LINE","zeeline.com","clearbit 404"
"GREEN LIGHT TRIGGERS","greenlighttriggers.com","clearbit 404"
"KLUBER","kluber.com","clearbit 404"
"BIKASE","bikase.com","clearbit 404"
"FITCH","fitch.com","clearbit 404"
"Competition Chemicals","competitionchemicals.com","clearbit 404"
"PHOENIX","phoenix.com","clearbit 404"
"Sputhe","sputhe.com","clearbit 404"
"DRC","drc.com","clearbit 404"
"TIGER LIGHTS","tigerlights.com","clearbit 404"
"THUNDER HEART PERFORMANCE","thunderheartperformance.com","clearbit 404"
"Stage 8","stage8.com","clearbit 404"
"SU","su.com","clearbit 404"
"ZENITH FUEL SYSTEMS","zenithfuelsystems.com","clearbit 404"
"SUNSTAR","sunstar.com","clearbit 404"
"REMA TIP TOP","rematiptop.com","clearbit 404"
"GLOVETACTS","glovetacts.com","clearbit 404"
"Fram","fram.com","clearbit 404"
"SCOTT","scott.com","clearbit 404"
"Dell'Orto","dellorto.com","clearbit 404"
"MALLORY","mallory.com","clearbit 404"
"TIER 1","tier1.com","clearbit 404"
"ULTRAGARD","ultragard.com","clearbit 404"
"OXBOW GEAR LLC","oxbowgearllc.com","clearbit 404"
"CURT","curt.com","clearbit 404"
"Purple","purple.com","clearbit 404"
"ATLANTIS","atlantis.com","clearbit 404"
"BLU","blu.com","clearbit 404"
"HARD BAGGER","hardbagger.com","clearbit 404"
"ANCRA","ancra.com","clearbit 404"
"AKRAPOVIC","akrapovic.com","clearbit 404"
"Torrington","torrington.com","clearbit 404"
"SHOCK SOX","shocksox.com","clearbit 404"
"MOTOZORB","motozorb.com","clearbit 404"
"Radii","radii.com","clearbit 404"
"Porter Mfg","portermfg.com","clearbit 404"
"SENSOR TECH","sensortech.com","clearbit 404"
"HOT CAMS","hotcams.com","clearbit 404"
"Bosch","bosch.com","clearbit 404"
"Three Bond","threebond.com","clearbit 404"
"GET","get.com","clearbit 404"
"RUSTY BUTCHER","rustybutcher.com","clearbit 404"
"OPEN TRAIL","opentrail.com","clearbit 404"